index,repository_name,languages,source
0,.github,,amazon
1,ads-advanced-tools-docs,Jupyter Notebook,amazon
2,ads-pao-amznjs-gtm-server-side-template,Smarty,amazon
3,ads-pao-amznjs-gtm-template,Smarty,amazon
4,alexa-coho,JavaScript,amazon
5,alexa-skills-kit-js,,amazon
6,amazon-ads-advertiser-audience-normalization-sdk-py,Python,amazon
7,amazon-advertising-api-php-sdk,PHP,amazon
8,amazon-codeguru-profiler-for-spark,Java,amazon
9,amazon-frustration-free-setup-certification-tool,Python,amazon
10,amazon-hub-counter-api-docs,CSS,amazon
11,amazon-hub-counter-api-samples,Java,amazon
12,amazon-hub-counter-sdk-java,Java,amazon
13,amazon-hub-support,PowerShell,amazon
14,amazon-instant-access-sdk-java,Java,amazon
15,amazon-instant-access-sdk-net,C#,amazon
16,amazon-instant-access-sdk-php,PHP,amazon
17,amazon-instant-access-sdk-ruby,Ruby,amazon
18,amazon-launcher-integration-cordova-plugin,JavaScript,amazon
19,amazon-marketing-stream-examples,Python,amazon
20,amazon-mcf-plugin-for-magento-1,PHP,amazon
21,amazon-multi-token-completion,Python,amazon
22,amazon-nearest-neighbor-through-ecc,Jupyter Notebook,amazon
23,amazon-pay-api-sdk-dotnet,C#,amazon
24,amazon-pay-api-sdk-java,Java,amazon
25,amazon-pay-api-sdk-nodejs,JavaScript,amazon
26,amazon-pay-api-sdk-php,PHP,amazon
27,amazon-pay-api-sdk-ruby,Ruby,amazon
28,amazon-pay-sdk-csharp,C#,amazon
29,amazon-pay-sdk-java,Java,amazon
30,amazon-pay-sdk-php,PHP,amazon
31,amazon-pay-sdk-python,Python,amazon
32,amazon-pay-sdk-ruby,Ruby,amazon
33,amazon-pay-sdk-samples,PHP,amazon
34,amazon-payment-files-tools,Kotlin,amazon
35,amazon-payments-magento-2-plugin,PHP,amazon
36,amazon-ray,Python,amazon
37,amazon-s3-gst-plugin,C,amazon
38,amazon-sidewalk-android-samples,,amazon
39,amazon-sidewalk-ios-samples,Swift,amazon
40,amazon-succinct-doc-representation,Python,amazon
41,amazon-template-library,C++,amazon
42,amazon-weak-ner-needle,Python,amazon
43,amigitenough,Go,amazon
44,amzn-drivers,C,amazon
45,amzn-ec2-ena-utilities,Python,amazon
46,app-platform,Kotlin,amazon
47,armbench,Python,amazon
48,augment-the-pairs-wacv2024,Python,amazon
49,autotrail,Python,amazon
50,aws-apigateway-client-lib,,amazon
51,aws-sigv4-signing-samples,Java,amazon
52,awsssmchaosrunner,Kotlin,amazon
53,basis-point-sets,Python,amazon
54,BayesPE,Python,amazon
55,buy-with-prime-cdk-constructs,TypeScript,amazon
56,buy-with-prime-monitoring-sample-cdk,TypeScript,amazon
57,chalet-charging-location-for-electric-trucks,Python,amazon
58,computer-vision-basics-in-microsoft-excel,,amazon
59,confident-sinkhorn-allocation,Jupyter Notebook,amazon
60,convolutional-handwriting-gan,Python,amazon
61,cosearcher,Python,amazon
62,credence-to-causal-estimation,Python,amazon
63,data-jack-knife,Java,amazon
64,debiased-balanced-interleaving,Jupyter Notebook,amazon
65,differential-privacy-bayesian-optimization,Python,amazon
66,distance-assistant,Python,amazon
67,drs-sample-android-app,Java,amazon
68,drs-sample-ios-app,Objective-C,amazon
69,emukit-playground,JavaScript,amazon
70,eslint-plugin-no-date-parsing,TypeScript,amazon
71,exoplayer-amazon-port,Java,amazon
72,explainable-text-vqa,,amazon
73,extremely-efficient-query-encoder,Python,amazon
74,faithful-data2text-cycle-training,Python,amazon
75,fashion-attribute-disentanglement,Python,amazon
76,fire-app-builder,Java,amazon
77,firetv-sample-touch-app,Java,amazon
78,ftv-integration-sdk-sample-app,Kotlin,amazon
79,ftv-livetv-sample-tv-app,Java,amazon
80,gameon-sample-game-unity,C#,amazon
81,gameon-starter-kit-unity,C#,amazon
82,git-commit-template,JavaScript,amazon
83,glad,JavaScript,amazon
84,golang-gitoperations,Go,amazon
85,halo-third-party-sdk-for-java,Java,amazon
86,halo-third-party-sdk-for-node-js,TypeScript,amazon
87,halo-third-party-sdk-for-python,Python,amazon
88,hawktracer,C++,amazon
89,image-misspell-coling2020,,amazon
90,image-to-recipe-transformers,Python,amazon
91,informative-diverse-hard-negative-sampling,Python,amazon
92,ion-cascading-config,Java,amazon
93,ion-object-mapper-dotnet,C#,amazon
94,jekyll-doc-project,HTML,amazon
95,kotlin-inject-anvil,Kotlin,amazon
96,kqr,,amazon
97,lib-3d-scene-viewer,TypeScript,amazon
98,login-with-amazon-oscommerce,PHP,amazon
99,login-with-amazon-wordpress,PHP,amazon
100,media3-external-port,,amazon
101,merlin-on-demand-callgraph,JavaScript,amazon
102,metalearn-leap,Python,amazon
103,milan,Scala,amazon
104,MonitoringCustomMetrics,Python,amazon
105,mrc-net-6d-pose,Python,amazon
106,multiconer-baseline,Python,amazon
107,multilingual-keyphrase-generation,Python,amazon
108,multimodal-affinities,Python,amazon
109,MXFusion,Python,amazon
110,nimbus-jose-jwt_aws-kms-extension,Java,amazon
111,node-jose_aws-kms-extension,TypeScript,amazon
112,openapi-swift-code-generate,Swift,amazon
113,orthogonal-additive-gaussian-processes,Python,amazon
114,oss-attribution-builder,TypeScript,amazon
115,oss-contribution-tracker,TypeScript,amazon
116,oss-dashboard,Ruby,amazon
117,pecos,Python,amazon
118,pretraining-or-self-training,Python,amazon
119,python-jose_aws-kms-extension,Python,amazon
120,rdma-core,C,amazon
121,refuel-open-domain-qa,Python,amazon
122,rete-thewebconf-2022,Python,amazon
123,rheoceros,Python,amazon
124,robotiq-gripper-interface,C++,amazon
125,selling-partner-api-docs,,amazon
126,selling-partner-api-models,Mustache,amazon
127,selling-partner-api-php-release,PHP,amazon
128,selling-partner-api-postman,,amazon
129,selling-partner-api-samples,Java,amazon
130,selling-partner-api-sdk,PHP,amazon
131,seqzero,Python,amazon
132,service-model-swift-code-generate,Swift,amazon
133,sid-provision,Python,amazon
134,sid-signing-tool,Python,amazon
135,sketch-constructor,JavaScript,amazon
136,smoke-aws,Swift,amazon
137,smoke-aws-credentials,Swift,amazon
138,smoke-aws-generate,Swift,amazon
139,smoke-aws-support,Swift,amazon
140,smoke-dynamodb,Swift,amazon
141,smoke-framework,Swift,amazon
142,smoke-framework-application-generate,Swift,amazon
143,smoke-framework-examples,Swift,amazon
144,smoke-http,Swift,amazon
145,sparse-vqvae,Python,amazon
146,ss-aga-kgc,Python,amazon
147,sto-transformer,Python,amazon
148,supply-chain-simulation-environment,Python,amazon
149,tiny-attribution-generator,TypeScript,amazon
150,traffic-quality-smart-pixel-loader,TypeScript,amazon
151,trans-encoder,Python,amazon
152,user-satisfaction-modeling,Python,amazon
153,workspace-resolver,JavaScript,amazon
154,ws-vae,Python,amazon
155,xfer,Python,amazon
156,zeek-plugin-bacnet,Zeek,amazon
157,zeek-plugin-enip,Zeek,amazon
158,zeek-plugin-profinet,Zeek,amazon
159,zeek-plugin-s7comm,Zeek,amazon
160,zeek-plugin-tds,Zeek,amazon
161,zero-shot-rlhr,Python,amazon
0,.github,,netflix
1,aegisthus,Java,netflix
2,af_tsa,C,netflix
3,aminator,Python,netflix
4,archaius,Java,netflix
5,asgard,Groovy,netflix
6,astyanax,Java,netflix
7,atlas,Scala,netflix
8,atlas-docs,Python,netflix
9,aws-autoscaling,Shell,netflix
10,awsobjectmapper,Groovy,netflix
11,batch_request_api,Ruby,netflix
12,batch_request_client,Ruby,netflix
13,bbparse,C,netflix
14,bettertls,Go,netflix
15,blesk,JavaScript,netflix
16,bless,Python,netflix
17,blitz4j,Java,netflix
18,bpftop,C,netflix
19,brutal,Python,netflix
20,cachemover,C++,netflix
21,CassJMeter,Java,netflix
22,chaosmonkey,Go,netflix
23,Cloud-Prize,,netflix
24,clove,Python,netflix
25,codec_compare,Python,netflix
26,concurrency-limits,Java,netflix
27,conductor,Java,netflix
28,conductor-community,Java,netflix
29,conductor-docs,Python,netflix
30,conductor-ui,JavaScript,netflix
31,consoleme,Python,netflix
32,curator,Java,netflix
33,denominator,Java,netflix
34,derand,Java,netflix
35,dgs,HTML,netflix
36,dgs-codegen,Kotlin,netflix
37,dgs-examples-java,Java,netflix
38,dgs-examples-java-2.7,Java,netflix
39,dgs-examples-java.latest,Java,netflix
40,dgs-examples-java16,Java,netflix
41,dgs-examples-kotlin,Kotlin,netflix
42,dgs-examples-kotlin-2.7,Kotlin,netflix
43,dgs-examples-webflux,Java,netflix
44,dgs-federation-example,Kotlin,netflix
45,dgs-framework,Kotlin,netflix
46,dgs-intellij-plugin,Kotlin,netflix
47,dial-reference,C,netflix
48,dispatch,Python,netflix
49,dispatch-docker,Shell,netflix
50,dyno,Java,netflix
51,dyno-queues,Java,netflix
52,dynomite,C,netflix
53,dynomite-manager,Java,netflix
54,e2nest,Python,netflix
55,eclipse-jifa,Java,netflix
56,eclipse-mat,,netflix
57,edda,Scala,netflix
58,edda-client,Java,netflix
59,element-server,JavaScript,netflix
60,ember-batch-request,JavaScript,netflix
61,ember-nf-graph,JavaScript,netflix
62,ember-nf-graph-examples,JavaScript,netflix
63,eslint-config-netflix,Shell,netflix
64,eslint-plugin-x-element,JavaScript,netflix
65,eureka,Java,netflix
66,eureka-ui,JavaScript,netflix
67,EVCache,Java,netflix
68,fabricator,Java,netflix
69,falcor,JavaScript,netflix
70,falcor-datasource-chainer,JavaScript,netflix
71,falcor-express,JavaScript,netflix
72,falcor-express-demo,HTML,netflix
73,falcor-hapi,JavaScript,netflix
74,falcor-hapi-demo,HTML,netflix
75,falcor-http-datasource,JavaScript,netflix
76,falcor-json-graph,JavaScript,netflix
77,falcor-observable,JavaScript,netflix
78,falcor-path-syntax,JavaScript,netflix
79,falcor-path-utils,JavaScript,netflix
80,falcor-restify,JavaScript,netflix
81,falcor-restify-demo,HTML,netflix
82,falcor-router,JavaScript,netflix
83,falcor-router-demo,JavaScript,netflix
84,fast_jsonapi,Ruby,netflix
85,Fenzo,Java,netflix
86,Fido,C#,netflix
87,flamescope,Python,netflix
88,frigga,Java,netflix
89,genie,Java,netflix
90,glisten,Groovy,netflix
91,go-env,Go,netflix
92,go-expect,Go,netflix
93,go-iomux,Go,netflix
94,governator,Java,netflix
95,gradle-template,Java,netflix
96,hal-9001,Go,netflix
97,hollow,Java,netflix
98,hollow-reference-implementation,Java,netflix
99,hubcommander,Python,netflix
100,Hystrix,Java,netflix
101,iceberg,Java,netflix
102,iceberg-python,Python,netflix
103,iep,Java,netflix
104,iep-shadow,,netflix
105,image_compression_comparison,Python,netflix
106,inviso,JavaScript,netflix
107,karyon,Java,netflix
108,lemur,Python,netflix
109,lemur-docker,Python,netflix
110,libamicontained,Rust,netflix
111,Lipstick,JavaScript,netflix
112,maestro,Java,netflix
113,mantis,Java,netflix
114,mantis-api,Java,netflix
115,mantis-cli,JavaScript,netflix
116,mantis-connectors,Java,netflix
117,mantis-control-plane,Java,netflix
118,mantis-examples,Java,netflix
119,mantis-gradle-plugin,Groovy,netflix
120,mantis-helm,Smarty,netflix
121,mantis-mql,Clojure,netflix
122,mantis-rxcontrol,Java,netflix
123,mantis-rxnetty,,netflix
124,mantis-source-jobs,Java,netflix
125,mantis-ui,TypeScript,netflix
126,matchcut,Jupyter Notebook,netflix
127,metacat,Java,netflix
128,metaflow,Python,netflix
129,metaflow-docs,JavaScript,netflix
130,metaflow-extensions-template,Python,netflix
131,metaflow-nflx-extensions,Python,netflix
132,metaflow-service,Python,netflix
133,metaflow-tools,HCL,netflix
134,metaflow-ui,TypeScript,netflix
135,metrics-client-go,Go,netflix
136,msl,C++,netflix
137,ndbench,HTML,netflix
138,nerror,JavaScript,netflix
139,netflix-commons,Java,netflix
140,netflix-graph,Java,netflix
141,netflix.github.com,HTML,netflix
142,netflixoss-npm-build-infrastructure,,netflix
143,nf-data-explorer,TypeScript,netflix
144,nflx-geofeed,,netflix
145,nflxprofile,Python,netflix
146,NfWebCrypto,C++,netflix
147,Nicobar,Java,netflix
148,ocelli,Java,netflix
149,octodns,,netflix
150,octodns-ns1,Python,netflix
151,octodns-route53,,netflix
152,octodns-ultra,Python,netflix
153,OpenVPCal,Python,netflix
154,osstracker,Scala,netflix
155,p2plab,Go,netflix
156,photon,Java,netflix
157,PigPen,Clojure,netflix
158,pollyjs,JavaScript,netflix
159,polynote,HTML,netflix
160,Prana,Java,netflix
161,Priam,Java,netflix
162,probnik,TypeScript,netflix
163,pygenie,Python,netflix
164,pytheas,JavaScript,netflix
165,q,Java,netflix
166,Raigad,Java,netflix
167,ReactiveLab,Java,netflix
168,reactivesocket-examples,Java,netflix
169,read_bbrlog,C,netflix
170,recipes-rss,Java,netflix
171,rend,Go,netflix
172,rend-http,Go,netflix
173,rend-lmdb,Go,netflix
174,repokid,Python,netflix
175,restful-jsonapi,Ruby,netflix
176,ribbon,Java,netflix
177,runtime-health,Java,netflix
178,rx-aws-java-sdk,Java,netflix
179,s3mper,Java,netflix
180,security-bulletins,,netflix
181,security_monkey,Python,netflix
182,servo,Java,netflix
183,sherlock,R,netflix
184,signal-wrapper,Go,netflix
185,SimianArmy,Java,netflix
186,sleepy-puppy-docker,Dockerfile,netflix
187,spark,Scala,netflix
188,spectator,Java,netflix
189,spectator-cpp,C++,netflix
190,spectator-go,Go,netflix
191,spectator-go-runtime-metrics,Go,netflix
192,spectator-js,TypeScript,netflix
193,spectator-py,Python,netflix
194,spectator-py-runtime-metrics,Python,netflix
195,spectator-rb,Ruby,netflix
196,staash,Java,netflix
197,sureal,Python,netflix
198,suro,Java,netflix
199,Surus,Java,netflix
200,taskintrospection,C,netflix
201,tcplog_dumper,C,netflix
202,techreports,,netflix
203,titus,,netflix
204,titus-api-definitions,Makefile,netflix
205,titus-control-plane,Java,netflix
206,titus-executor,Go,netflix
207,titus-kube-common,Go,netflix
208,tslint-config-netflix,JavaScript,netflix
209,Turbine,Java,netflix
210,unleash,JavaScript,netflix
211,user2020-metaflow-tutorial,R,netflix
212,vector,JavaScript,netflix
213,vectorflow,D,netflix
214,videoannotator,Jupyter Notebook,netflix
215,virtual-kubelet,Go,netflix
216,vizceral,JavaScript,netflix
217,vizceral-component,JavaScript,netflix
218,vizceral-example,JavaScript,netflix
219,vizceral-react,JavaScript,netflix
220,vmaf,Python,netflix
221,vmaf_resource,,netflix
222,vp9-dash,,netflix
223,webpack-parse-query,JavaScript,netflix
224,weep,Go,netflix
225,Workflowable,Ruby,netflix
226,x-element,JavaScript,netflix
227,x-test,JavaScript,netflix
228,yetch,JavaScript,netflix
229,zeno,Java,netflix
230,zuul,Java,netflix
0,.github,,spotify
1,aioshumway,Python,spotify
2,android-auth,HTML,spotify
3,android-sdk,HTML,spotify
4,android-store-service,Python,spotify
5,annoy,C++,spotify
6,annoy-java,Java,spotify
7,apollo,Java,spotify
8,apollo-elide,Java,spotify
9,apollo-metrics,,spotify
10,apps-tutorial,,spotify
11,argo-rollouts,,spotify
12,async-datastore-client,Java,spotify
13,async-google-pubsub-client,Java,spotify
14,backup-utils,Shell,spotify
15,basic-pitch,Python,spotify
16,basic-pitch-ts,TypeScript,spotify
17,batty,Python,spotify
18,bazel,,spotify
19,bazel-tools,Java,spotify
20,beam,Java,spotify
21,big-data-rosetta-code,Scala,spotify
22,bigtable-autoscaler,Java,spotify
23,boilerplate-app,,spotify
24,bucket-runner,JavaScript,spotify
25,cartography,Python,spotify
26,cassandra-extra,Java,spotify
27,cassandra-medusa,Python,spotify
28,cassandra-opstools,Java,spotify
29,cassandra-reaper,,spotify
30,causify,,spotify
31,certcheck,Python,spotify
32,chartify,Python,spotify
33,code-of-conduct,,spotify
34,collectd,C,spotify
35,comet,Python,spotify
36,comet-common,Python,spotify
37,comet-core,Python,spotify
38,completable-futures,Java,spotify
39,condor,Java,spotify
40,confidence,Python,spotify
41,confidence-sdk-android,Kotlin,spotify
42,confidence-sdk-flutter,Dart,spotify
43,confidence-sdk-go,Go,spotify
44,confidence-sdk-java,Java,spotify
45,confidence-sdk-js,TypeScript,spotify
46,confidence-sdk-python,Python,spotify
47,confidence-sdk-rust,Rust,spotify
48,confidence-sdk-swift,Swift,spotify
49,container-agent,Python,spotify
50,conversion-api-tag-template,Smarty,spotify
51,cookiecutter-golang,Go,spotify
52,coordinator,HTML,spotify
53,crtauth,Python,spotify
54,crtauth-java,Java,spotify
55,crtauth-java-agent-signer-apache,Java,spotify
56,crunch-lib,Java,spotify
57,cstar,Python,spotify
58,daemon-java,Java,spotify
59,dataenum,Java,spotify
60,DataflowJavaSDK,Java,spotify
61,dataproc-java-submitter,Java,spotify
62,dataprocxy,Python,spotify
63,dbeam,Java,spotify
64,debify,Shell,spotify
65,dh-virtualenv,Python,spotify
66,diffuser,Swift,spotify
67,dns-java,Java,spotify
68,docgenerator,Java,spotify
69,docker-alpine,,spotify
70,docker-bigtable,Go,spotify
71,docker-cassandra,Shell,spotify
72,docker-client,Java,spotify
73,docker-gc,Shell,spotify
74,docker-kafka,Shell,spotify
75,docker-maven-plugin,Java,spotify
76,docker-stress,Python,spotify
77,dockerfile-maven,Java,spotify
78,dockerfile-mode,Emacs Lisp,spotify
79,docker_interface,Python,spotify
80,drserv,Python,spotify
81,druid,,spotify
82,duck,Ruby,spotify
83,echoprint-codegen,C++,spotify
84,echoprint-server,Java,spotify
85,elasticsearch-index-window,Java,spotify
86,elitzur,Scala,spotify
87,eslint-config-oss,JavaScript,spotify
88,etcd,Go,spotify
89,featran,Scala,spotify
90,ffwd,Java,spotify
91,ffwd-client-java,Java,spotify
92,ffwd-http-client,Java,spotify
93,ffwd-ruby,Ruby,spotify
94,flink,Java,spotify
95,flink-docker,,spotify
96,flink-on-k8s-operator,Go,spotify
97,flo,Java,spotify
98,flume-syslog-source2,Java,spotify
99,flyte-flink-plugin,Go,spotify
100,fmt-maven-plugin,Java,spotify
101,folsom,Java,spotify
102,foss-root,,spotify
103,futures-extra,Java,spotify
104,futuristic-feline,Java,spotify
105,gcp-audit,Python,spotify
106,gcp-aws-iam-federation-webidentity,HCL,spotify
107,gcp-firewall-enforcer,Python,spotify
108,gcs-tools,Scala,spotify
109,ghelog,Python,spotify
110,gimme,Python,spotify
111,git-test,Shell,spotify
112,github-java-client,Java,spotify
113,google-http-java-client,Java,spotify
114,gordon,Python,spotify
115,gordon-gcp,Python,spotify
116,gordon-introspection,Python,spotify
117,gordon-janitor,Python,spotify
118,gordon-janitor-gcp,Python,spotify
119,griffin,Python,spotify
120,hadoop-openpgp-codec,Java,spotify
121,hdfs2cass,Java,spotify
122,helios,Java,spotify
123,helios-go,Go,spotify
124,helios-skydns,Java,spotify
125,heroic,Java,spotify
126,heroic-client-go,Go,spotify
127,heroic-client-java,Java,spotify
128,homebrew-public,Ruby,spotify
129,hornet,Scala,spotify
130,HubFramework,Objective-C,spotify
131,hush-tab,JavaScript,spotify
132,hype,Java,spotify
133,hyperflo,Scala,spotify
134,ieee-spm-vocals-tutorial,Jupyter Notebook,spotify
135,ios-auth,Objective-C,spotify
136,ios-ci,Shell,spotify
137,ios-sdk,Objective-C,spotify
138,ios-style,,spotify
139,java-hamcrest,Java,spotify
140,java-lkk,Java,spotify
141,java-locales,Java,spotify
142,jenkins-coverage-poster,Groovy,spotify
143,jira-lkk-bridge,Java,spotify
144,JniHelpers,C++,spotify
145,jsconfeu-2013,JavaScript,spotify
146,kafka,Scala,spotify
147,kairosdb,Java,spotify
148,kernel-common,,spotify
149,klio,Python,spotify
150,lemur,Python,spotify
151,lighthouse-audit-service,TypeScript,spotify
152,limbo,Scala,spotify
153,lingon,JavaScript,spotify
154,linux,C,spotify
155,logging-java,Java,spotify
156,luigi,Python,spotify
157,lyceum,Clojure,spotify
158,mace,,spotify
159,magnolify,Scala,spotify
160,metrics-munin-reporter,Java,spotify
161,missinglink,Java,spotify
162,mlockexec,Python,spotify
163,mobius,Java,spotify
164,mobius-android-sample,Java,spotify
165,Mobius.swift,Swift,spotify
166,moob,Ruby,spotify
167,netty-batch-flusher,Java,spotify
168,netty-zmtp,Java,spotify
169,noether,Scala,spotify
170,okta-sdk-python,Python,spotify
171,openfeature-kotlin-sdk,Kotlin,spotify
172,openfeature-swift-sdk,Swift,spotify
173,pedalboard,C++,spotify
174,PeqBank,C,spotify
175,perf-map-agent,C,spotify
176,phpconf-argentina-2014,JavaScript,spotify
177,platform-external-bluetooth-bluez,,spotify
178,polly-jest-presets,TypeScript,spotify
179,postgresql-metrics,Python,spotify
180,proto-registry,TypeScript,spotify
181,proto-requests,TypeScript,spotify
182,protoman,Java,spotify
183,puppet-talos,Puppet,spotify
184,pyeos,Python,spotify
185,pyfg,Python,spotify
186,pyschema,Python,spotify
187,python-graphwalker,Python,spotify
188,pythonflow,Python,spotify
189,pywk,Python,spotify
190,quickstart,JavaScript,spotify
191,ratatool,Scala,spotify
192,react-native-lookback,Objective-C,spotify
193,reactochart,JavaScript,spotify
194,realbook,Python,spotify
195,redux-location-state,JavaScript,spotify
196,requests-crtauth,Python,spotify
197,robolectric,Java,spotify
198,rspec-dns,Ruby,spotify
199,rspec-dnsruby,Ruby,spotify
200,ruler,Kotlin,spotify
201,s3mper,Java,spotify
202,scanctl,Python,spotify
203,scio,Scala,spotify
204,scio-contrib,Scala,spotify
205,scio-idea-plugin,Scala,spotify
206,scio.g8,Scala,spotify
207,sekexe,Shell,spotify
208,semantic-metrics,Java,spotify
209,should-up,JavaScript,spotify
210,shumway,Python,spotify
211,simple-bigtable,Java,spotify
212,skydns,,spotify
213,skygc,Python,spotify
214,snakebite,Python,spotify
215,soa-reference-integration,TypeScript,spotify
216,soundcheck-demo-environment,TypeScript,spotify
217,spark-bigquery,Scala,spotify
218,sparkey,C,spotify
219,sparkey-java,Java,spotify
220,sparkey-python,Python,spotify
221,spawn,Java,spotify
222,spotify-checkstyle-config,,spotify
223,spotify-heroic-datasource,TypeScript,spotify
224,spotify-js-challenge,JavaScript,spotify
225,spotify-json,C++,spotify
226,spotify-tensorflow,Python,spotify
227,spotify-web-api-ts-sdk,TypeScript,spotify
228,spotify-web-playback-sdk-example,JavaScript,spotify
229,spotify.github.io,HTML,spotify
230,SpotifyLogin,Swift,spotify
231,sprunch,Scala,spotify
232,SPStackedNav,Objective-C,spotify
233,SPTDataLoader,Objective-C,spotify
234,SPTPersistentCache,Objective-C,spotify
235,spydra,Java,spotify
236,spymaster,Python,spotify
237,squashing-census-exporter,Kotlin,spotify
238,ssh-agent-proxy,Java,spotify
239,ssh-agent-tls,Java,spotify
240,styx,Java,spotify
241,super-smash-brogp,Python,spotify
242,swupdate,,spotify
243,syslog-redirector,Go,spotify
244,syslog-redirector-golang,Go,spotify
245,talos,Ruby,spotify
246,terraform-gke-kubeflow-cluster,HCL,spotify
247,terraform-google-aws-hybrid-cloud-vpn,HCL,spotify
248,terraform-google-grr,HCL,spotify
249,testing-game,Python,spotify
250,tfexample-derive,Scala,spotify
251,tfreader,Scala,spotify
252,tfx,Python,spotify
253,threaddump-analyzer,JavaScript,spotify
254,trickle,Java,spotify
255,ts-interface-loader,TypeScript,spotify
256,tutter-jenkins,Ruby,spotify
257,uboot,,spotify
258,ulogger,Python,spotify
259,Vandelay,Java,spotify
260,vdisk,Python,spotify
261,vispana,JavaScript,spotify
262,visualizer-app,,spotify
263,volcano,Go,spotify
264,voyager,C++,spotify
265,wasd,Java,spotify
266,web-api,RAML,spotify
267,web-api-examples,HTML,spotify
268,web-audio-bench,JavaScript,spotify
269,web-playback-sdk,,spotify
270,web-scripts,TypeScript,spotify
271,web-scripts-library-template,TypeScript,spotify
272,XCMetrics,Swift,spotify
273,XCRemoteCache,Swift,spotify
274,zoltar,Java,spotify
